{
  "20": {
    "x": 244.62474645,
    "y": 62.677484787,
    "w": 1,
    "h": 1
  },
  "17": {
    "x": 91.8864097363,
    "y": 62.677484787,
    "w": 1,
    "h": 1
  },
  "4": {
    "x": 430.223123732,
    "y": 175.253549696,
    "w": 1,
    "h": 1
  },
  "19": {
    "x": 306.693711968,
    "y": 62.677484787,
    "w": 1,
    "h": 1
  },
  "24": {
    "x": 291.480730223,
    "y": 205.679513185,
    "w": 1,
    "h": 1
  },
  "3": {
    "x": 368.154158215,
    "y": 175.253549696,
    "w": 1,
    "h": 1
  },
  "9": {
    "x": 492.292089249,
    "y": 175.253549696,
    "w": 1,
    "h": 1
  },
  "13": {
    "x": 430.223123732,
    "y": 331.643002028,
    "w": 1,
    "h": 1
  },
  "22": {
    "x": 29.8174442191,
    "y": 175.253549696,
    "w": 1,
    "h": 1
  },
  "1": {
    "x": 91.8864097363,
    "y": 175.253549696,
    "w": 1,
    "h": 1
  },
  "11": {
    "x": 368.154158215,
    "y": 331.643002028,
    "w": 1,
    "h": 1
  },
  "6": {
    "x": 228.803245436,
    "y": 205.679513185,
    "w": 1,
    "h": 1
  },
  "14": {
    "x": 153.955375254,
    "y": 237.322515213,
    "w": 1,
    "h": 1
  },
  "23": {
    "x": 153.955375254,
    "y": 175.253549696,
    "w": 1,
    "h": 1
  },
  "18": {
    "x": 153.955375254,
    "y": 62.677484787,
    "w": 1,
    "h": 1
  },
  "21": {
    "x": 368.154158215,
    "y": 62.677484787,
    "w": 1,
    "h": 1
  },
  "5": {
    "x": 430.223123732,
    "y": 62.677484787,
    "w": 1,
    "h": 1
  },
  "7": {
    "x": 153.955375254,
    "y": 331.643002028,
    "w": 1,
    "h": 1
  },
  "2": {
    "x": 91.8864097363,
    "y": 331.643002028,
    "w": 1,
    "h": 1
  },
  "8": {
    "x": 29.8174442191,
    "y": 331.643002028,
    "w": 1,
    "h": 1
  },
  "15": {
    "x": 492.292089249,
    "y": 237.322515213,
    "w": 1,
    "h": 1
  },
  "12": {
    "x": 430.223123732,
    "y": 237.322515213,
    "w": 1,
    "h": 1
  },
  "10": {
    "x": 492.292089249,
    "y": 62.677484787,
    "w": 1,
    "h": 1
  },
  "16": {
    "x": 492.292089249,
    "y": 331.643002028,
    "w": 1,
    "h": 1
  },
  "52": {
    "x": 138.133874239,
    "y": 492.292089249,
    "w": 1,
    "h": 1
  },
  "53": {
    "x": 199.594320487,
    "y": 492.292089249,
    "w": 1,
    "h": 1
  },
  "54": {
    "x": 261.054766734,
    "y": 492.292089249,
    "w": 1,
    "h": 1
  },
  "55": {
    "x": 322.515212982,
    "y": 492.292089249,
    "w": 1,
    "h": 1
  },
  "56": {
    "x": 383.975659229,
    "y": 492.292089249,
    "w": 1,
    "h": 1
  },
  "35": {
    "x": 153.955375254,
    "y": 407.707910751,
    "w": 1,
    "h": 1
  },
  "45": {
    "x": 368.762677485,
    "y": 407.099391481,
    "w": 1,
    "h": 1
  },
  "46": {
    "x": 430.831643002,
    "y": 407.099391481,
    "w": 1,
    "h": 1
  },
  "47": {
    "x": 491.68356998,
    "y": 407.099391481,
    "w": 1,
    "h": 1
  }
}
